1388735100,1388750400,lcd_office,0
1388735100,1388750400,laptop,0
1388754900,1388762100,amp_livingroom,0
1388754900,1388762100,tv,0
1388754900,1388762100,htpc,0
1388755800,1388762100,subwoofer_livingroom,0
1388759400,1388766600,washing_machine,0
1388765700,1388789100,amp_livingroom,0
1388765700,1388789100,subwoofer_livingroom,0
1388765700,1388769300,tv,0
1388766600,1388769300,htpc,0
1388776500,1388778300,gas_oven,0
1388777400,1388789100,tv,0
1388777400,1388788200,htpc,0
1388778300,1388786400,lcd_office,0
1388778300,1388786400,laptop,0
1388783700,1388786400,hifi_office,0
1388802600,1388804400,breadmaker,1
1388806200,1388808900,breadmaker,1
1388811600,1388823300,breadmaker,1
1388828700,1388831400,coffee_machine,1
1388831400,1388833200,tv,1
1388832300,1388833200,amp_livingroom,1
1388832300,1388833200,subwoofer_livingroom,1
1388832300,1388833200,htpc,1
1388838600,1388841300,gas_oven,1
1388840400,1388847600,washing_machine,1
1388852100,1388855700,laptop,1
1388854800,1388858400,amp_livingroom,1
1388854800,1388858400,subwoofer_livingroom,1
1388854800,1388855700,kitchen_phone&stereo,1
1388854800,1388855700,tv,1
1388854800,1388862000,htpc,1
1388855700,1388859300,hoover,1
1388860200,1388861100,hoover,1
1388861100,1388862000,amp_livingroom,1
1388861100,1388862000,subwoofer_livingroom,1
1388861100,1388862900,tv,1
1388862900,1388864700,hoover,1
1388864700,1388875500,amp_livingroom,1
1388864700,1388875500,subwoofer_livingroom,1
1388864700,1388875500,tv,1
1388864700,1388883600,htpc,1
1388911500,1388912400,hair_dryer,2
1388911500,1388912400,straighteners,2
1388930400,1388944800,kitchen_phone&stereo,2
1388930400,1388936700,washing_machine,2
1388940300,1388949300,amp_livingroom,2
1388940300,1388949300,subwoofer_livingroom,2
1388941200,1388949300,tv,2
1388941200,1388949300,htpc,2
1388943900,1388945700,gas_oven,2
1388945700,1388968200,kitchen_phone&stereo,2
1388951100,1388958300,amp_livingroom,2
1388951100,1388958300,subwoofer_livingroom,2
1388951100,1388958300,tv,2
1388951100,1388965500,htpc,2
1388956500,1388957400,microwave,2
1388957400,1388964600,dishwasher,2
1388976300,1388980800,htpc,3
1388997000,1389010500,lcd_office,3
1388997000,1389032100,laptop,3
1389007800,1389008700,straighteners,3
1389010500,1389011400,kitchen_radio,3
1389012300,1389013200,kitchen_radio,3
1389016800,1389017700,kitchen_radio,3
1389024900,1389027600,kitchen_radio,3
1389031200,1389032100,lcd_office,3
1389031200,1389033000,gas_oven,3
1389034800,1389048300,amp_livingroom,3
1389034800,1389048300,subwoofer_livingroom,3
1389034800,1389049200,tv,3
1389034800,1389058200,htpc,3
1389036600,1389045600,lcd_office,3
1389036600,1389045600,laptop,3
1389048300,1389055500,kitchen_phone&stereo,3
1389063600,1389068100,htpc,4
1389081600,1389118500,lcd_office,4
1389081600,1389118500,laptop,4
1389084300,1389118500,hifi_office,4
1389097800,1389099600,microwave,4
1389098700,1389101400,gas_oven,4
1389113100,1389114000,hair_dryer,4
1389113100,1389114000,straighteners,4
1389119400,1389123000,gas_oven,4
1389121200,1389122100,lcd_office,4
1389121200,1389123000,hifi_office,4
1389121200,1389130200,washing_machine,4
1389121200,1389122100,office_pc,4
1389123000,1389132000,amp_livingroom,4
1389123000,1389132000,subwoofer_livingroom,4
1389123000,1389132000,tv,4
1389123000,1389141000,htpc,4
1389123900,1389136500,lcd_office,4
1389123900,1389136500,hifi_office,4
1389123900,1389136500,laptop,4
1389146400,1389154500,htpc,5
1389167100,1389184200,lcd_office,5
1389167100,1389171600,hifi_office,5
1389167100,1389185100,laptop,5
1389170700,1389177000,washing_machine,5
1389185100,1389186000,microwave,5
1389204000,1389206700,gas_oven,5
1389208500,1389224700,amp_livingroom,5
1389208500,1389224700,subwoofer_livingroom,5
1389208500,1389224700,tv,5
1389208500,1389224700,htpc,5
1389210300,1389222900,lcd_office,5
1389210300,1389222900,laptop,5
1389212100,1389222900,hifi_office,5
1389224700,1389231000,dishwasher,5
1389246300,1389259800,lcd_office,6
1389246300,1389259800,hifi_office,6
1389246300,1389259800,laptop,6
1389264300,1389306600,lcd_office,6
1389264300,1389306600,hifi_office,6
1389264300,1389306600,laptop,6
1389287700,1389291300,gas_oven,6
1389296700,1389303000,washing_machine,6
1389297600,1389308400,amp_livingroom,6
1389297600,1389308400,subwoofer_livingroom,6
1389297600,1389308400,tv,6
1389297600,1389308400,htpc,6
1389357900,1389358800,gas_oven,7
1389361500,1389367800,washing_machine,7
1389363300,1389364200,microwave,7
1389363300,1389365100,gas_oven,7
1389374100,1389375000,microwave,7
1389383100,1389384000,amp_livingroom,7
1389383100,1389384000,subwoofer_livingroom,7
1389383100,1389384900,tv,7
1389383100,1389384000,htpc,7
1389384900,1389391200,lcd_office,7
1389384900,1389391200,hifi_office,7
1389384900,1389391200,laptop,7
1389417300,1389421800,lcd_office,8
1389417300,1389421800,hifi_office,8
1389417300,1389421800,laptop,8
1389443400,1389449700,washing_machine,8
1389445200,1389455100,lcd_office,8
1389445200,1389455100,hifi_office,8
1389445200,1389454200,laptop,8
1389445200,1389451500,dishwasher,8
1389451500,1389455100,office_pc,8
1389475800,1389480300,htpc,8
1389557700,1389564000,htpc,9
1389717000,1389735000,hifi_office,11
1389717900,1389735000,lcd_office,11
1389717900,1389735000,laptop,11
1389723300,1389724200,kitchen_radio,11
1389725100,1389730500,htpc,11
1389728700,1389729600,coffee_machine,11
1389735000,1389738600,hoover,11
1389751200,1389755700,htpc,12
1389794400,1389798000,amp_livingroom,12
1389794400,1389798000,subwoofer_livingroom,12
1389794400,1389801600,washing_machine,12
1389794400,1389798000,tv,12
1389794400,1389798000,htpc,12
1389807000,1389807900,gas_oven,12
1389809700,1389810600,hifi_office,12
1389809700,1389817800,washing_machine,12
1389810600,1389811500,amp_livingroom,12
1389810600,1389825900,subwoofer_livingroom,12
1389810600,1389812400,tv,12
1389810600,1389811500,htpc,12
1389814200,1389826800,amp_livingroom,12
1389814200,1389826800,tv,12
1389814200,1389825900,htpc,12
1389839400,1389840300,breadmaker,13
1389841200,1389842100,breadmaker,13
1389843000,1389845700,breadmaker,13
1389847500,1389857400,breadmaker,13
1389854700,1389872700,lcd_office,13
1389854700,1389872700,laptop,13
1389877200,1389883500,amp_livingroom,13
1389877200,1389915000,subwoofer_livingroom,13
1389877200,1389879000,gas_oven,13
1389877200,1389879900,tv,13
1389877200,1389879900,htpc,13
1389882600,1389883500,microwave,13
1389882600,1389888900,washing_machine,13
1389893400,1389896100,gas_oven,13
1389894300,1389897000,lcd_office,13
1389894300,1389913200,laptop,13
1389894300,1389895200,office_pc,13
1389897900,1389900600,lcd_office,13
1389898800,1389909600,amp_livingroom,13
1389898800,1389909600,tv,13
1389898800,1389915000,htpc,13
1389901500,1389913200,lcd_office,13
1389913200,1389915000,amp_livingroom,13
1389913200,1389915000,tv,13
1389933900,1389934800,subwoofer_livingroom,14
1389942000,1389984300,lcd_office,14
1389945600,1389969000,hifi_office,14
1389945600,1390009500,laptop,14
1389948300,1389949200,straighteners,14
1389963600,1389964500,microwave,14
1389965400,1389966300,microwave,14
1389966300,1389978000,kitchen_phone&stereo,14
1389976200,1389981600,hifi_office,14
1389979800,1389982500,gas_oven,14
1389984300,1389990600,washing_machine,14
1389984300,1389998700,tv,14
1389985200,1390009500,lcd_office,14
1389985200,1389998700,amp_livingroom,14
1389985200,1389998700,subwoofer_livingroom,14
1389985200,1389998700,htpc,14
1389986100,1390009500,hifi_office,14
1389997800,1390005000,dishwasher,14
1390034700,1390039200,tv,15
1390034700,1390039200,htpc,15
1390037400,1390038300,straighteners,15
1390038300,1390082400,amp_livingroom,15
1390045500,1390053600,htpc,15
1390067100,1390082400,subwoofer_livingroom,15
1390068900,1390070700,hoover,15
1390068900,1390075200,washing_machine,15
1390071600,1390074300,hoover,15
1390075200,1390082400,tv,15
1390075200,1390137300,htpc,15
1390121100,1390122000,amp_livingroom,16
1390121100,1390122000,subwoofer_livingroom,16
1390121100,1390127400,washing_machine,16
1390123800,1390124700,microwave,16
1390132800,1390134600,hair_dryer,16
1390132800,1390134600,straighteners,16
1390134600,1390141800,washing_machine,16
1390136400,1390137300,tv,16
1390145400,1390149900,lcd_office,16
1390145400,1390147200,hifi_office,16
1390145400,1390159800,office_pc,16
1390150800,1390156200,lcd_office,16
1390153500,1390157100,amp_livingroom,16
1390153500,1390157100,tv,16
1390153500,1390157100,htpc,16
1390154400,1390157100,subwoofer_livingroom,16
1390157100,1390159800,lcd_office,16
1390158900,1390166100,amp_livingroom,16
1390158900,1390167000,tv,16
1390158900,1390166100,htpc,16
1390159800,1390166100,subwoofer_livingroom,16
1390216500,1390218300,kitchen_radio,17
1390219200,1390226400,kitchen_radio,17
1390227300,1390232700,kitchen_radio,17
1390238100,1390239000,kitchen_radio,17
1390247100,1390257900,amp_livingroom,17
1390247100,1390257900,subwoofer_livingroom,17
1390247100,1390257900,tv,17
1390247100,1390257900,htpc,17
1390252500,1390260600,lcd_office,17
1390252500,1390254300,laptop,17
1390252500,1390260600,office_pc,17
1390259700,1390266900,washing_machine,17
1390266900,1390271400,htpc,18
1390293000,1390343400,lcd_office,18
1390293000,1390343400,laptop,18
1390304700,1390305600,microwave,18
1390307400,1390309200,hair_dryer,18
1390307400,1390309200,straighteners,18
1390309200,1390311000,hifi_office,18
1390322700,1390329000,washing_machine,18
1390327200,1390329000,gas_oven,18
1390342500,1390348800,dishwasher,18
1390345200,1390346100,lcd_office,18
1390345200,1390346100,laptop,18
1390353300,1390357800,htpc,19
1390375800,1390376700,kitchen_radio,19
1390376700,1390378500,lcd_office,19
1390376700,1390378500,laptop,19
1390513500,1390516200,htpc,20
1390639500,1390640400,subwoofer_livingroom,22
1390684500,1390689000,htpc,22
1390787100,1390788000,amp_livingroom,24
1390805100,1390806000,subwoofer_livingroom,24
1390848300,1390853700,htpc,24
1390869900,1390874400,htpc,25
1390954500,1390959000,htpc,26
1391024700,1391035500,amp_livingroom,26
1391024700,1391034600,subwoofer_livingroom,26
1391024700,1391035500,tv,26
1391024700,1391034600,htpc,26
1391067900,1391074200,lcd_office,27
1391067900,1391074200,laptop,27
1391077800,1391084100,washing_machine,27
1391086800,1391094000,washing_machine,27
1391087700,1391089500,gas_oven,27
1391094900,1391101200,washing_machine,27
1391102100,1391106600,gas_oven,27
1391104800,1391105700,hoover,27
1391108400,1391109300,coffee_machine,27
1391109300,1391121000,amp_livingroom,27
1391109300,1391121000,tv,27
1391109300,1391121900,htpc,27
1391112000,1391112900,microwave,27
1391114700,1391121000,subwoofer_livingroom,27
1391115600,1391117400,dishwasher,27
1391133600,1391139900,breadmaker,28
1391140800,1391151600,breadmaker,28
1391151600,1391152500,kitchen_radio,28
1391154300,1391170500,lcd_office,28
1391154300,1391170500,laptop,28
1391156100,1391170500,hifi_office,28
1391157900,1391158800,hair_dryer,28
1391157900,1391158800,straighteners,28
1391170500,1391172300,microwave,28
1391170500,1391173200,gas_oven,28
1391175900,1391183100,washing_machine,28
1391181300,1391182200,kitchen_radio,28
1391189400,1391192100,gas_oven,28
1391190300,1391208300,amp_livingroom,28
1391190300,1391208300,subwoofer_livingroom,28
1391192100,1391193000,microwave,28
1391192100,1391208300,tv,28
1391193000,1391208300,htpc,28
1391208300,1391214600,dishwasher,28
1391248800,1391256000,washing_machine,29
1391249700,1391251500,amp_livingroom,29
1391249700,1391251500,subwoofer_livingroom,29
1391249700,1391251500,tv,29
1391249700,1391251500,htpc,29
1391251500,1391253300,hoover,29
1391272200,1391274000,hoover,29
1391287500,1391288400,hoover,29
1391287500,1391939100,htpc,29
1391289300,1391295600,amp_livingroom,29
1391289300,1391295600,subwoofer_livingroom,29
1391289300,1391296500,tv,29
1391341500,1391348700,washing_machine,30
1391349600,1391353200,amp_livingroom,30
1391349600,1391366700,subwoofer_livingroom,30
1391349600,1391355900,washing_machine,30
1391349600,1391353200,tv,30
1391361300,1391363100,microwave,30
1391369400,1391381100,amp_livingroom,30
1391369400,1391381100,subwoofer_livingroom,30
1391369400,1391381100,tv,30
1391412600,1391414400,hair_dryer,31
1391412600,1391414400,straighteners,31
1391422500,1391423400,straighteners,31
1391425200,1391426100,kitchen_radio,31
1391427000,1391436000,kitchen_radio,31
1391436900,1391438700,kitchen_radio,31
1391440500,1391441400,kitchen_radio,31
1391442300,1391443200,kitchen_radio,31
1391444100,1391445000,kitchen_radio,31
1391446800,1391447700,kitchen_radio,31
1391448600,1391449500,kitchen_radio,31
1391454900,1391462100,lcd_office,31
1391454900,1391462100,hifi_office,31
1391454900,1391462100,laptop,31
1391462100,1391468400,dishwasher,31
1391501700,1391539500,lcd_office,32
1391501700,1391539500,hifi_office,32
1391501700,1391539500,laptop,32
1391501700,1391502600,office_pc,32
1391515200,1391521500,washing_machine,32
1391534100,1391536800,gas_oven,32
1391544000,1391550300,lcd_office,32
1391544000,1391547600,hifi_office,32
1391544000,1391588100,laptop,32
1391544000,1391545800,gas_oven,32
1391544900,1391552100,tv,32
1391545800,1391552100,amp_livingroom,32
1391545800,1391638500,subwoofer_livingroom,32
1391552100,1391553000,lcd_office,32
1391585400,1391586300,kitchen_radio,33
1391587200,1391588100,lcd_office,33
1391587200,1391589000,hair_dryer,33
1391587200,1391589000,straighteners,33
1391597100,1391598900,kitchen_radio,33
1391605200,1391608800,kitchen_radio,33
1391609700,1391612400,kitchen_radio,33
1391615100,1391616000,kitchen_radio,33
1391617800,1391638500,amp_livingroom,33
1391617800,1391619600,kitchen_radio,33
1391617800,1391621400,tv,33
1391620500,1391621400,kitchen_radio,33
1391621400,1391622300,microwave,33
1391621400,1391624100,gas_oven,33
1391628600,1391639400,tv,33
1391638500,1391644800,dishwasher,33
1391673600,1391675400,kitchen_radio,34
1391675400,1391681700,lcd_office,34
1391675400,1391710500,laptop,34
1391691600,1391710500,lcd_office,34
1391703300,1391706000,gas_oven,34
1391706900,1391710500,hifi_office,34
1391708700,1391710500,gas_oven,34
1391711400,1391712300,hoover,34
1391716800,1391725800,amp_livingroom,34
1391716800,1391725800,subwoofer_livingroom,34
1391716800,1391725800,tv,34
1391761800,1391774400,lcd_office,35
1391761800,1391774400,hifi_office,35
1391761800,1391774400,laptop,35
1391775300,1391779800,kitchen_radio,35
1391777100,1391778000,microwave,35
1391778900,1391786100,washing_machine,35
1391782500,1391784300,hoover,35
1391796000,1391803200,washing_machine,35
1391800500,1391814900,tv,35
1391801400,1391814900,amp_livingroom,35
1391801400,1391814900,subwoofer_livingroom,35
1391803200,1391805000,gas_oven,35
1391805900,1391808600,lcd_office,35
1391805900,1391806800,hifi_office,35
1391805900,1391808600,laptop,35
1391850000,1391857200,dishwasher,36
1391850900,1391851800,hoover,36
1391859900,1391862600,gas_oven,36
1391871600,1391873400,hoover,36
1391881500,1391882400,kitchen_radio,36
1391884200,1391885100,microwave,36
1391889600,1391892300,hoover,36
1391892300,1391899500,amp_livingroom,36
1391892300,1391899500,subwoofer_livingroom,36
1391892300,1391899500,tv,36
1391934600,1391936400,amp_livingroom,37
1391934600,1391936400,subwoofer_livingroom,37
1391934600,1391940900,washing_machine,37
1391937300,1391939100,tv,37
1391948100,1391949000,hair_dryer,37
1391948100,1391949000,straighteners,37
1391960700,1391965200,amp_livingroom,37
1391960700,1391968800,subwoofer_livingroom,37
1391960700,1391965200,tv,37
1391960700,1391965200,htpc,37
1391963400,1391964300,lcd_office,37
1391963400,1391968800,laptop,37
1391967000,1391967900,microwave,37
1391971500,1391974200,gas_oven,37
1391974200,1391981400,amp_livingroom,37
1391974200,1391981400,subwoofer_livingroom,37
1391974200,1391981400,tv,37
1391974200,1391985900,htpc,37
1392025500,1392032700,dishwasher,38
1392050700,1392051600,straighteners,38
1392054300,1392057000,gas_oven,38
1392057000,1392073200,amp_livingroom,38
1392057000,1392072300,subwoofer_livingroom,38
1392057000,1392073200,tv,38
1392057000,1392072300,htpc,38
1392106500,1392111000,lcd_office,39
1392106500,1392159600,laptop,39
1392106500,1392107400,office_pc,39
1392108300,1392109200,hair_dryer,39
1392108300,1392109200,straighteners,39
1392119100,1392140700,lcd_office,39
1392127200,1392133500,washing_machine,39
1392139800,1392142500,gas_oven,39
1392141600,1392156900,lcd_office,39
1392146100,1392158700,amp_livingroom,39
1392146100,1392158700,tv,39
1392147000,1392158700,subwoofer_livingroom,39
1392147000,1392158700,htpc,39
1392158700,1392159600,lcd_office,39
1392174900,1392175800,coffee_machine,40
1392191100,1392192000,kitchen_radio,40
1392193800,1392201000,dishwasher,40
1392196500,1392198300,hair_dryer,40
1392197400,1392198300,straighteners,40
1392209100,1392210000,microwave,40
1392212700,1392216300,kitchen_phone&stereo,40
1392221700,1392233400,kitchen_phone&stereo,40
1392224400,1392228900,gas_oven,40
1392232500,1392244200,tv,40
1392233400,1392244200,amp_livingroom,40
1392233400,1392244200,subwoofer_livingroom,40
1392233400,1392246900,htpc,40
1392237900,1392254100,kitchen_phone&stereo,40
1392262200,1392264900,htpc,41
1392279300,1392285600,kitchen_radio,41
1392280200,1392282900,lcd_office,41
1392280200,1392282900,laptop,41
1392290100,1392291000,kitchen_radio,41
1392291900,1392294600,kitchen_radio,41
1392295500,1392301800,kitchen_radio,41
1392301800,1392302700,microwave,41
1392301800,1392303600,kitchen_phone&stereo,41
1392309900,1392314400,kitchen_phone&stereo,41
1392309900,1392310800,hair_dryer,41
1392314400,1392332400,amp_livingroom,41
1392314400,1392332400,subwoofer_livingroom,41
1392314400,1392320700,washing_machine,41
1392316200,1392318000,tv,41
1392316200,1392317100,htpc,41
1392318900,1392326100,htpc,41
1392319800,1392323400,gas_oven,41
1392319800,1392333300,tv,41
1392327900,1392334200,htpc,41
1392361200,1392363000,hair_dryer,42
1392361200,1392363000,straighteners,42
1392363000,1392364800,kitchen_radio,42
1392368400,1392372900,kitchen_radio,42
1392372900,1392381900,washing_machine,42
1392373800,1392374700,kitchen_radio,42
1392375600,1392377400,kitchen_radio,42
1392381000,1392381900,microwave,42
1392382800,1392383700,kitchen_radio,42
1392382800,1392389100,dishwasher,42
1392393600,1392395400,kitchen_radio,42
1392397200,1392398100,kitchen_radio,42
1392399000,1392422400,amp_livingroom,42
1392399000,1392422400,subwoofer_livingroom,42
1392399000,1392401700,tv,42
1392399000,1392401700,htpc,42
1392404400,1392422400,htpc,42
1392406200,1392422400,tv,42
1392452100,1392453900,kitchen_radio,43
1392468300,1392501600,amp_livingroom,43
1392468300,1392501600,subwoofer_livingroom,43
1392468300,1392480000,tv,43
1392468300,1392480000,htpc,43
1392489000,1392495300,washing_machine,43
1392489900,1392506100,htpc,43
1392491700,1392501600,tv,43
1392536700,1392546600,kitchen_phone&stereo,44
1392537600,1392538500,gas_oven,44
1392546600,1392554700,amp_livingroom,44
1392546600,1392554700,subwoofer_livingroom,44
1392546600,1392552900,washing_machine,44
1392560100,1392567300,washing_machine,44
1392566400,1392569100,kitchen_radio,44
1392574500,1392576300,gas_oven,44
1392576300,1392592500,htpc,44
1392579900,1392592500,amp_livingroom,44
1392579900,1392580800,hoover,44
1392579900,1392591600,subwoofer_livingroom,44
1392579900,1392592500,tv,44
1392585300,1392586200,microwave,44
1392591600,1392598800,dishwasher,44
1392639300,1392640200,microwave,45
1392639300,1392641100,gas_oven,45
1392653700,1392660000,washing_machine,45
1392659100,1392660000,kitchen_radio,45
1392660900,1392662700,amp_livingroom,45
1392660900,1392675300,subwoofer_livingroom,45
1392660900,1392662700,gas_oven,45
1392660900,1392662700,tv,45
1392660900,1392676200,htpc,45
1392668100,1392676200,amp_livingroom,45
1392668100,1392676200,tv,45
1392711300,1392714000,kitchen_radio,46
1392727500,1392728400,microwave,46
1392727500,1392729300,gas_oven,46
1392743700,1392750000,washing_machine,46
1392747300,1392749100,amp_livingroom,46
1392747300,1392750000,tv,46
1392747300,1392754500,htpc,46
1392748200,1392749100,subwoofer_livingroom,46
1392748200,1392750000,gas_oven,46
1392749100,1392750000,kitchen_radio,46
1392755400,1392761700,amp_livingroom,46
1392755400,1392761700,subwoofer_livingroom,46
1392755400,1392756300,gas_oven,46
1392755400,1392761700,tv,46
1392755400,1392757200,htpc,46
1392759000,1392760800,htpc,46
1392794100,1392817500,lcd_office,47
1392794100,1392817500,laptop,47
1392797700,1392816600,hifi_office,47
1392810300,1392816600,washing_machine,47
1392814800,1392815700,microwave,47
1392819300,1392850800,lcd_office,47
1392820200,1392850800,laptop,47
1392826500,1392850800,hifi_office,47
1392837300,1392840000,htpc,47
1392842700,1392845400,htpc,47
1392883200,1392888600,lcd_office,48
1392883200,1392888600,laptop,48
1392883200,1392884100,office_pc,48
1392887700,1392888600,hifi_office,48
1392921900,1392927300,htpc,48
1392926400,1392930000,lcd_office,48
1392926400,1392930000,hifi_office,48
1392926400,1392930000,laptop,48
1392928200,1392929100,kitchen_radio,48
1392928200,1392930000,gas_oven,48
1392970500,1392971400,kitchen_radio,49
1392975900,1392976800,kitchen_radio,49
1392977700,1392978600,kitchen_radio,49
1392979500,1392981300,kitchen_radio,49
1392983100,1392984000,kitchen_radio,49
1392986700,1392989400,kitchen_radio,49
1392990300,1392991200,kitchen_radio,49
1392992100,1392993000,kitchen_radio,49
1392993900,1392994800,kitchen_radio,49
1392997500,1392998400,kitchen_radio,49
1393003800,1393006500,kitchen_radio,49
1393008300,1393012800,htpc,49
1393009200,1393010100,kitchen_radio,49
1393012800,1393013700,kitchen_radio,49
1393014600,1393015500,kitchen_radio,49
1393016400,1393020000,hoover,49
1393021800,1393029000,dishwasher,49
1393021800,1393025400,htpc,49
1393052400,1393056900,lcd_office,50
1393052400,1393056900,laptop,50
1393056900,1393060500,kitchen_phone&stereo,50
1393057800,1393059600,hair_dryer,50
1393057800,1393059600,straighteners,50
1393069500,1393071300,kitchen_radio,50
1393072200,1393073100,kitchen_radio,50
1393077600,1393083900,washing_machine,50
1393095600,1393101000,htpc,50
1393096500,1393100100,gas_oven,50
1393098300,1393110900,amp_livingroom,50
1393098300,1393110900,subwoofer_livingroom,50
1393098300,1393104600,tv,50
1393101900,1393103700,htpc,50
1393105500,1393110000,htpc,50
1393140600,1393141500,kitchen_radio,51
1393142400,1393143300,microwave,51
1393148700,1393149600,gas_oven,51
1393159500,1393160400,microwave,51
1393159500,1393162200,gas_oven,51
1393161300,1393181100,amp_livingroom,51
1393161300,1393192800,subwoofer_livingroom,51
1393161300,1393173900,tv,51
1393161300,1393172100,htpc,51
1393184700,1393192800,htpc,51
1393185600,1393192800,amp_livingroom,51
1393185600,1393192800,tv,51
1393190100,1393196400,dishwasher,51
1393236900,1393238700,lcd_office,52
1393237800,1393244100,washing_machine,52
1393251300,1393252200,microwave,52
1393254000,1393267500,lcd_office,52
1393254000,1393267500,laptop,52
1393258500,1393260300,hair_dryer,52
1393258500,1393260300,straighteners,52
1393264800,1393267500,hifi_office,52
1393271100,1393272900,lcd_office,52
1393271100,1393272900,hifi_office,52
1393271100,1393278300,amp_livingroom,52
1393271100,1393278300,subwoofer_livingroom,52
1393271100,1393272900,laptop,52
1393271100,1393278300,tv,52
1393271100,1393278300,htpc,52
1393317900,1393318800,gas_oven,53
1393318800,1393350300,lcd_office,53
1393318800,1393350300,hifi_office,53
1393318800,1393350300,laptop,53
1393324200,1393331400,washing_machine,53
1393333200,1393335000,gas_oven,53
1393350300,1393351200,microwave,53
1393350300,1393354800,kitchen_phone&stereo,53
1393350300,1393353000,gas_oven,53
1393354800,1393367400,amp_livingroom,53
1393354800,1393367400,subwoofer_livingroom,53
1393354800,1393367400,tv,53
1393354800,1393367400,htpc,53
1393356600,1393362900,lcd_office,53
1393356600,1393362900,hifi_office,53
1393356600,1393362900,laptop,53
1393401600,1393404300,lcd_office,54
1393401600,1393404300,hifi_office,54
1393401600,1393404300,laptop,54
1393406100,1393412400,washing_machine,54
1393407900,1393412400,kitchen_radio,54
1393414200,1393416000,kitchen_radio,54
1393417800,1393419600,kitchen_radio,54
1393418700,1393420500,gas_oven,54
1393425000,1393431300,dishwasher,54
1393425900,1393432200,washing_machine,54
1393432200,1393452900,amp_livingroom,54
1393438500,1393439400,microwave,54
1393440300,1393452900,subwoofer_livingroom,54
1393440300,1393452900,tv,54
1393440300,1393452900,htpc,54
1393443000,1393443900,kitchen_radio,54
1393445700,1393448400,lcd_office,54
1393445700,1393448400,hifi_office,54
1393445700,1393448400,laptop,54
1393489800,1393525800,lcd_office,55
1393489800,1393533900,hifi_office,55
1393489800,1393533900,laptop,55
1393489800,1393490700,office_pc,55
1393490700,1393492500,hair_dryer,55
1393490700,1393492500,straighteners,55
1393516800,1393526700,amp_livingroom,55
1393516800,1393526700,subwoofer_livingroom,55
1393516800,1393526700,tv,55
1393516800,1393524000,htpc,55
1393526700,1393533900,lcd_office,55
1393528500,1393538400,amp_livingroom,55
1393528500,1393538400,subwoofer_livingroom,55
1393528500,1393538400,tv,55
1393528500,1393538400,htpc,55
1393570800,1393587900,lcd_office,56
1393570800,1393587900,hifi_office,56
1393570800,1393587900,laptop,56
1393570800,1393571700,office_pc,56
1393589700,1393590600,microwave,56
1393589700,1393592400,gas_oven,56
1393596000,1393605900,lcd_office,56
1393596000,1393615800,hifi_office,56
1393596000,1393616700,office_pc,56
1393613100,1393632000,amp_livingroom,56
1393613100,1393632000,subwoofer_livingroom,56
1393613100,1393632000,tv,56
1393613100,1393615800,htpc,56
1393614900,1393615800,lcd_office,56
1393614900,1393615800,laptop,56
1393616700,1393632000,htpc,56
1393630200,1393631100,hifi_office,56
1393667100,1393682400,lcd_office,57
1393667100,1393682400,office_pc,57
1393692300,1393694100,hair_dryer,57
1393692300,1393695900,straighteners,57
1393695000,1393697700,gas_oven,57
1393698600,1393699500,microwave,57
1393704000,1393710300,washing_machine,57
1393704900,1393711200,dishwasher,57
1393705800,1393706700,hoover,57
1393707600,1393710300,hoover,57
1393708500,1393715700,htpc,57
1393713000,1393715700,amp_livingroom,57
1393713000,1393715700,subwoofer_livingroom,57
1393713000,1393715700,tv,57
1393720200,1393725600,htpc,58
1393755300,1393761600,washing_machine,58
1393758900,1393761600,amp_livingroom,58
1393758900,1393761600,subwoofer_livingroom,58
1393764300,1393765200,microwave,58
1393767000,1393772400,amp_livingroom,58
1393767000,1393772400,subwoofer_livingroom,58
1393767000,1393772400,tv,58
1393767000,1393772400,htpc,58
1393774200,1393775100,kitchen_radio,58
1393776900,1393779600,kitchen_radio,58
1393782300,1393783200,htpc,58
1393789500,1393790400,kitchen_radio,58
1393789500,1393797600,htpc,58
1393792200,1393796700,amp_livingroom,58
1393792200,1393796700,subwoofer_livingroom,58
1393792200,1393796700,tv,58
1393830900,1393832700,straighteners,59
1393831800,1393833600,kitchen_radio,59
1393831800,1393832700,hair_dryer,59
1393835400,1393837200,kitchen_radio,59
1393839000,1393839900,kitchen_radio,59
1393844400,1393848900,kitchen_radio,59
1393849800,1393875900,kitchen_radio,59
1393875900,1393880400,lcd_office,59
1393875900,1393878600,hifi_office,59
1393875900,1393956000,laptop,59
1393879500,1393884900,tv,59
1393879500,1393884900,htpc,59
1393880400,1393884900,amp_livingroom,59
1393880400,1393884900,subwoofer_livingroom,59
1393919100,1393920000,lcd_office,60
1393921800,1393956000,lcd_office,60
1393924500,1393925400,straighteners,60
1393925400,1393938000,hifi_office,60
1393940700,1393941600,kitchen_radio,60
1393956000,1393958700,kitchen_radio,60
1393960500,1393972200,lcd_office,60
1393960500,1393972200,hifi_office,60
1393960500,1393972200,laptop,60
1393969500,1393973100,tv,60
1393970400,1393973100,amp_livingroom,60
1393970400,1393973100,subwoofer_livingroom,60
1393970400,1393973100,htpc,60
1394003700,1394004600,hair_dryer,61
1394005500,1394012700,lcd_office,61
1394005500,1394012700,laptop,61
1394005500,1394006400,office_pc,61
1394006400,1394012700,hifi_office,61
1394008200,1394015400,dishwasher,61
1394009100,1394016300,washing_machine,61
1394011800,1394013600,hair_dryer,61
1394011800,1394013600,straighteners,61
1394044200,1394045100,kitchen_radio,61
1394048700,1394060400,lcd_office,61
1394048700,1394060400,hifi_office,61
1394048700,1394060400,laptop,61
1394052300,1394056800,htpc,61
1394073000,1394073900,breadmaker,62
1394074800,1394079300,breadmaker,62
1394080200,1394091000,breadmaker,62
1394092800,1394127000,lcd_office,62
1394092800,1394127000,hifi_office,62
1394092800,1394127000,laptop,62
1394092800,1394093700,office_pc,62
1394099100,1394105400,washing_machine,62
1394112600,1394113500,kitchen_radio,62
1394128800,1394129700,kitchen_radio,62
1394136000,1394142300,lcd_office,62
1394136000,1394142300,hifi_office,62
1394136000,1394142300,laptop,62
1394140500,1394145000,tv,62
1394141400,1394145000,amp_livingroom,62
1394141400,1394145000,subwoofer_livingroom,62
1394141400,1394145000,htpc,62
1394150400,1394151300,coffee_machine,63
1394159400,1394162100,breadmaker,63
1394163000,1394165700,breadmaker,63
1394166600,1394179200,breadmaker,63
1394179200,1394180100,kitchen_radio,63
1394193600,1394194500,microwave,63
1394193600,1394195400,gas_oven,63
1394207100,1394208000,kitchen_radio,63
1394214300,1394217000,amp_livingroom,63
1394214300,1394217000,subwoofer_livingroom,63
1394214300,1394217000,gas_oven,63
1394214300,1394217000,tv,63
1394214300,1394217000,htpc,63
1394218800,1394220600,amp_livingroom,63
1394218800,1394220600,subwoofer_livingroom,63
1394218800,1394220600,tv,63
1394218800,1394220600,htpc,63
1394220600,1394222400,hair_dryer,63
1394220600,1394222400,straighteners,63
1394225100,1394231400,lcd_office,63
1394225100,1394231400,hifi_office,63
1394225100,1394231400,laptop,63
1394293500,1394305200,amp_livingroom,64
1394293500,1394305200,subwoofer_livingroom,64
1394293500,1394298900,tv,64
1394293500,1394298900,htpc,64
1394298900,1394299800,kitchen_radio,64
1394300700,1394301600,kitchen_radio,64
1394300700,1394301600,htpc,64
1394303400,1394307000,hoover,64
1394303400,1394309700,washing_machine,64
1394307900,1394316000,tv,64
1394308800,1394316000,amp_livingroom,64
1394308800,1394316000,subwoofer_livingroom,64
1394308800,1394319600,htpc,64
1394316000,1394322300,dishwasher,64
1394356500,1394364600,washing_machine,65
1394379000,1394385300,washing_machine,65
1394386200,1394392500,washing_machine,65
1394387100,1394388000,htpc,65
1394394300,1394404200,htpc,65
1394395200,1394402400,tv,65
1394396100,1394402400,amp_livingroom,65
1394396100,1394402400,subwoofer_livingroom,65
1394408700,1394409600,kitchen_phone&stereo,65
1394437500,1394438400,kitchen_radio,66
1394440200,1394441100,hair_dryer,66
1394440200,1394441100,straighteners,66
1394449200,1394451000,kitchen_radio,66
1394451900,1394458200,kitchen_radio,66
1394459100,1394460900,kitchen_radio,66
1394462700,1394466300,kitchen_radio,66
1394469000,1394472600,kitchen_radio,66
1394473500,1394474400,kitchen_radio,66
1394475300,1394477100,kitchen_radio,66
1394479800,1394480700,microwave,66
1394480700,1394487000,lcd_office,66
1394480700,1394487000,hifi_office,66
1394480700,1394487000,laptop,66
1394486100,1394489700,tv,66
1394487000,1394489700,amp_livingroom,66
1394487000,1394489700,subwoofer_livingroom,66
1394487000,1394489700,htpc,66
1394523000,1394524800,kitchen_radio,67
1394523900,1394559000,lcd_office,67
1394523900,1394559000,hifi_office,67
1394523900,1394559000,laptop,67
1394528400,1394529300,straighteners,67
1394543700,1394544600,kitchen_radio,67
1394560800,1394562600,kitchen_radio,67
1394560800,1394562600,gas_oven,67
1394567100,1394576100,lcd_office,67
1394567100,1394576100,hifi_office,67
1394567100,1394576100,laptop,67
1394574300,1394577900,amp_livingroom,67
1394574300,1394577900,subwoofer_livingroom,67
1394574300,1394577900,tv,67
1394574300,1394577000,htpc,67
1394612100,1394618400,lcd_office,68
1394612100,1394618400,hifi_office,68
1394612100,1394613900,kitchen_radio,68
1394612100,1394618400,laptop,68
1394620200,1394648100,lcd_office,68
1394620200,1394648100,hifi_office,68
1394620200,1394648100,laptop,68
1394626500,1394629200,microwave,68
1394627400,1394630100,gas_oven,68
1394631900,1394639100,washing_machine,68
1394648100,1394649000,kitchen_radio,68
1394649900,1394656200,washing_machine,68
1394651700,1394656200,lcd_office,68
1394651700,1394656200,hifi_office,68
1394651700,1394656200,laptop,68
1394651700,1394652600,office_pc,68
1394654400,1394664300,amp_livingroom,68
1394654400,1394663400,subwoofer_livingroom,68
1394654400,1394664300,tv,68
1394654400,1394664300,htpc,68
1394663400,1394670600,dishwasher,68
1394676000,1394676900,breadmaker,69
1394677800,1394682300,breadmaker,69
1394683200,1394693100,breadmaker,69
1394694000,1394697600,kitchen_radio,69
1394698500,1394699400,kitchen_radio,69
1394698500,1394700300,hair_dryer,69
1394699400,1394701200,straighteners,69
1394702100,1394703900,kitchen_radio,69
1394705700,1394709300,kitchen_radio,69
1394712000,1394712900,kitchen_radio,69
1394713800,1394717400,kitchen_radio,69
1394718300,1394719200,kitchen_radio,69
1394721900,1394722800,kitchen_radio,69
1394723700,1394724600,kitchen_radio,69
1394725500,1394726400,kitchen_radio,69
1394733600,1394739900,washing_machine,69
1394734500,1394735400,kitchen_radio,69
1394739900,1394740800,microwave,69
1394739900,1394749800,lcd_office,69
1394739900,1394749800,hifi_office,69
1394739900,1394749800,laptop,69
1394746200,1394751600,tv,69
1394747100,1394836200,amp_livingroom,69
1394747100,1394751600,subwoofer_livingroom,69
1394747100,1394751600,htpc,69
1394780400,1394819100,lcd_office,70
1394780400,1394819100,hifi_office,70
1394780400,1394781300,kitchen_radio,70
1394780400,1394819100,laptop,70
1394787600,1394788500,straighteners,70
1394820900,1394821800,kitchen_radio,70
1394825400,1394834400,lcd_office,70
1394825400,1394834400,hifi_office,70
1394825400,1394834400,laptop,70
1394825400,1394826300,office_pc,70
1394829900,1394832600,gas_oven,70
1394830800,1394836200,subwoofer_livingroom,70
1394830800,1394836200,tv,70
1394830800,1394836200,htpc,70
1394874000,1394883000,washing_machine,71
1394899200,1394905500,washing_machine,71
1394905500,1394910000,amp_livingroom,71
1394905500,1394910000,subwoofer_livingroom,71
1394905500,1394910000,tv,71
1394905500,1394909100,htpc,71
1394907300,1394914500,washing_machine,71
1394909100,1394912700,hoover,71
1394912700,1394922600,amp_livingroom,71
1394912700,1394922600,subwoofer_livingroom,71
1394912700,1394922600,tv,71
1394912700,1394922600,htpc,71
1394968500,1394969400,hair_dryer,72
1394968500,1394969400,straighteners,72
1394972100,1394973000,kitchen_radio,72
1394980200,1394982900,kitchen_radio,72
1394983800,1394984700,kitchen_radio,72
1394987400,1394988300,kitchen_radio,72
1394989200,1394990100,kitchen_radio,72
1394991000,1394998200,amp_livingroom,72
1394991000,1394997300,dishwasher,72
1394991000,1394998200,tv,72
1394991000,1395008100,htpc,72
1394994600,1394998200,subwoofer_livingroom,72
1394998200,1395002700,gas_oven,72
1395000000,1395008100,amp_livingroom,72
1395000000,1395008100,subwoofer_livingroom,72
1395000000,1395008100,tv,72
1395052200,1395054000,straighteners,73
1395059400,1395060300,kitchen_radio,73
1395062100,1395069300,kitchen_radio,73
1395072000,1395072900,kitchen_radio,73
1395074700,1395077400,kitchen_radio,73
1395081000,1395081900,kitchen_radio,73
1395086400,1395093600,lcd_office,73
1395086400,1395093600,hifi_office,73
1395086400,1395093600,laptop,73
1395091800,1395095400,tv,73
1395092700,1395095400,amp_livingroom,73
1395092700,1395095400,subwoofer_livingroom,73
1395092700,1395095400,htpc,73
1395126000,1395132300,washing_machine,74
1395130500,1395132300,hair_dryer,74
1395130500,1395132300,straighteners,74
1395163800,1395164700,kitchen_radio,74
1395166500,1395167400,kitchen_radio,74
1395172800,1395178200,lcd_office,74
1395172800,1395178200,hifi_office,74
1395172800,1395178200,laptop,74
1395178200,1395182700,amp_livingroom,74
1395178200,1395182700,subwoofer_livingroom,74
1395178200,1395182700,tv,74
1395178200,1395182700,htpc,74
1395219600,1395252000,lcd_office,75
1395219600,1395252000,hifi_office,75
1395219600,1395252000,laptop,75
1395222300,1395228600,washing_machine,75
1395224100,1395225000,straighteners,75
1395225900,1395234900,htpc,75
1395252900,1395253800,kitchen_radio,75
1395257400,1395267300,lcd_office,75
1395257400,1395267300,hifi_office,75
1395257400,1395267300,laptop,75
1395257400,1395258300,office_pc,75
1395261900,1395270000,htpc,75
1395267300,1395270000,amp_livingroom,75
1395267300,1395270000,subwoofer_livingroom,75
1395267300,1395270900,tv,75
1395270000,1395277200,dishwasher,75
1395297000,1395315900,lcd_office,76
1395297000,1395315900,hifi_office,76
1395297000,1395301500,office_pc,76
1395300600,1395315900,laptop,76
1395314100,1395316800,amp_livingroom,76
1395314100,1395358200,subwoofer_livingroom,76
1395314100,1395327600,washing_machine,76
1395324000,1395338400,lcd_office,76
1395324000,1395338400,hifi_office,76
1395324000,1395338400,laptop,76
1395332100,1395333000,hoover,76
1395333900,1395337500,hoover,76
1395338400,1395339300,microwave,76
1395338400,1395340200,gas_oven,76
1395339300,1395358200,amp_livingroom,76
1395339300,1395358200,tv,76
1395339300,1395358200,htpc,76
1395350100,1395351900,gas_oven,76
1395389700,1395393300,kitchen_radio,77
1395391500,1395392400,hair_dryer,77
1395394200,1395397800,kitchen_radio,77
1395395100,1395397800,hoover,77
1395397800,1395398700,baby_monitor_tx,77
1395398700,1395399600,hoover,77
1395400500,1395401400,kitchen_radio,77
1395403200,1395409500,kitchen_radio,77
1395414000,1395423900,tv,77
1395414900,1395423900,amp_livingroom,77
1395414900,1395423900,subwoofer_livingroom,77
1395414900,1395423900,htpc,77
1395427500,1395441900,amp_livingroom,77
1395427500,1395441900,subwoofer_livingroom,77
1395427500,1395441900,tv,77
1395427500,1395449100,htpc,77
1395428400,1395432000,lcd_office,77
1395428400,1395432000,hifi_office,77
1395428400,1395432000,laptop,77
1395431100,1395432000,microwave,77
1395476100,1395483300,washing_machine,78
1395486000,1395489600,lcd_office,78
1395486000,1395491400,hifi_office,78
1395486000,1395492300,office_pc,78
1395501300,1395507600,washing_machine,78
1395510300,1395511200,htpc,78
1395511200,1395513900,lcd_office,78
1395511200,1395513900,office_pc,78
1395515700,1395525600,amp_livingroom,78
1395515700,1395525600,subwoofer_livingroom,78
1395515700,1395525600,tv,78
1395515700,1395525600,htpc,78
1395518400,1395519300,microwave,78
1395525600,1395532800,dishwasher,78
1395560700,1395561600,iron,79
1395569700,1395571500,hair_dryer,79
1395569700,1395571500,straighteners,79
1395603000,1395613800,amp_livingroom,79
1395603000,1395613800,subwoofer_livingroom,79
1395603000,1395613800,tv,79
1395603000,1395613800,htpc,79
1395654300,1395666900,washing_machine,80
1395661500,1395669600,kitchen_radio,80
1395670500,1395672300,kitchen_radio,80
1395673200,1395675000,kitchen_radio,80
1395678600,1395679500,kitchen_radio,80
1395684900,1395685800,kitchen_radio,80
1395686700,1395690300,gas_oven,80
1395688500,1395696600,amp_livingroom,80
1395688500,1395696600,subwoofer_livingroom,80
1395688500,1395696600,tv,80
1395688500,1395696600,htpc,80
1395697500,1395707400,htpc,80
1395734400,1395771300,laptop,81
1395735300,1395736200,kitchen_radio,81
1395736200,1395771300,lcd_office,81
1395737100,1395752400,hifi_office,81
1395738900,1395740700,hair_dryer,81
1395738900,1395740700,straighteners,81
1395755100,1395771300,hifi_office,81
1395755100,1395761400,washing_machine,81
1395765000,1395767700,gas_oven,81
1395765900,1395773100,dishwasher,81
1395771300,1395783900,amp_livingroom,81
1395771300,1395783900,subwoofer_livingroom,81
1395774000,1395783900,tv,81
1395774000,1395791100,htpc,81
1395801900,1395806400,htpc,82
1395815400,1395817200,lcd_office,82
1395815400,1395817200,hifi_office,82
1395815400,1395817200,laptop,82
1395838800,1395839700,microwave,82
1395838800,1395840600,gas_oven,82
1395843300,1395845100,amp_livingroom,82
1395843300,1395845100,subwoofer_livingroom,82
1395843300,1395846000,tv,82
1395843300,1395845100,htpc,82
1395852300,1395856800,lcd_office,82
1395852300,1395867600,hifi_office,82
1395852300,1395867600,laptop,82
1395862200,1395867600,lcd_office,82
1395863100,1395867600,amp_livingroom,82
1395863100,1395867600,subwoofer_livingroom,82
1395863100,1395867600,tv,82
1395863100,1395867600,htpc,82
1395870300,1395873000,htpc,82
1395912600,1395919800,washing_machine,83
1395918000,1395919800,coffee_machine,83
1395918000,1395919800,gas_oven,83
1395933300,1395935100,lcd_office,83
1395933300,1395935100,hifi_office,83
1395933300,1395935100,laptop,83
1395933300,1395940500,dishwasher,83
1395939600,1395946800,amp_livingroom,83
1395939600,1395940500,coffee_machine,83
1395939600,1395940500,kitchen_radio,83
1395942300,1395945000,kitchen_radio,83
1395949500,1395958500,washing_machine,83
1395954900,1395958500,tv,83
1395955800,1395958500,amp_livingroom,83
1395955800,1395958500,subwoofer_livingroom,83
1395955800,1395958500,htpc,83
1395999000,1395999900,microwave,84
1396001700,1396008900,washing_machine,84
1396013400,1396019700,washing_machine,84
1396014300,1396019700,amp_livingroom,84
1396014300,1396043100,subwoofer_livingroom,84
1396014300,1396019700,tv,84
1396014300,1396019700,htpc,84
1396026000,1396029600,gas_oven,84
1396030500,1396032300,hoover,84
1396035900,1396037700,lcd_office,84
1396035900,1396037700,laptop,84
1396036800,1396043100,amp_livingroom,84
1396036800,1396043100,tv,84
1396036800,1396043100,htpc,84
1396081800,1396083600,hoover,85
1396084500,1396087200,lcd_office,85
1396084500,1396087200,laptop,85
1396085400,1396092600,washing_machine,85
1396103400,1396105200,gas_oven,85
1396114200,1396115100,microwave,85
1396114200,1396117800,gas_oven,85
1396115100,1396116900,htpc,85
1396125000,1396130400,amp_livingroom,85
1396125000,1396130400,subwoofer_livingroom,85
1396125000,1396130400,tv,85
1396125000,1396130400,htpc,85
1396130400,1396136700,dishwasher,85
1396170900,1396171800,hair_dryer,86
1396170900,1396171800,straighteners,86
1396183500,1396188000,gas_oven,86
1396188900,1396190700,coffee_machine,86
1396188900,1396194300,gas_oven,86
1396197900,1396198800,htpc,86
1396200600,1396206900,dishwasher,86
1396205100,1396217700,amp_livingroom,86
1396205100,1396217700,subwoofer_livingroom,86
1396205100,1396217700,tv,86
1396205100,1396217700,htpc,86
1396248300,1396250100,kitchen_radio,87
1396253700,1396256400,lcd_office,87
1396253700,1396256400,laptop,87
1396269000,1396276200,washing_machine,87
1396270800,1396277100,amp_livingroom,87
1396270800,1396277100,subwoofer_livingroom,87
1396270800,1396277100,tv,87
1396270800,1396280700,htpc,87
1396279800,1396286100,washing_machine,87
1396290600,1396314000,lcd_office,87
1396290600,1396314000,laptop,87
1396291500,1396314000,hifi_office,87
1396292400,1396300500,amp_livingroom,87
1396292400,1396300500,subwoofer_livingroom,87
1396292400,1396300500,tv,87
1396292400,1396307700,htpc,87
1396314000,1396321200,htpc,88
1396337400,1396339200,lcd_office,88
1396337400,1396339200,hifi_office,88
1396337400,1396339200,laptop,88
1396341000,1396343700,lcd_office,88
1396341000,1396370700,laptop,88
1396344600,1396356300,lcd_office,88
1396345500,1396347300,hifi_office,88
1396345500,1396346400,hair_dryer,88
1396345500,1396346400,straighteners,88
1396345500,1396353600,washing_machine,88
1396350900,1396369800,hifi_office,88
1396352700,1396355400,gas_oven,88
1396357200,1396370700,lcd_office,88
1396359000,1396367100,washing_machine,88
1396364400,1396368000,gas_oven,88
1396365300,1396370700,office_pc,88
1396374300,1396375200,microwave,88
1396375200,1396402200,lcd_office,88
1396375200,1396403100,hifi_office,88
1396375200,1396402200,laptop,88
1396378800,1396386900,amp_livingroom,88
1396378800,1396434600,subwoofer_livingroom,88
1396378800,1396386900,tv,88
1396378800,1396386900,htpc,88
1396388700,1396395900,dishwasher,88
1396438200,1396445400,dishwasher,89
1396439100,1396472400,amp_livingroom,89
1396439100,1396472400,subwoofer_livingroom,89
1396440000,1396440900,hair_dryer,89
1396445400,1396446300,microwave,89
1396447200,1396452600,lcd_office,89
1396447200,1396451700,hifi_office,89
1396447200,1396481400,laptop,89
1396447200,1396448100,office_pc,89
1396464300,1396473300,tv,89
1396465200,1396481400,htpc,89
1396472400,1396481400,lcd_office,89
1396473300,1396481400,hifi_office,89
1396509300,1396511100,hair_dryer,90
1396509300,1396511100,straighteners,90
1396512900,1396521000,washing_machine,90
1396525500,1396526400,gas_oven,90
1396534500,1396540800,washing_machine,90
1396535400,1396544400,lcd_office,90
1396535400,1396552500,hifi_office,90
1396535400,1396548900,office_pc,90
1396545300,1396548900,lcd_office,90
1396550700,1396558800,htpc,90
1396551600,1396558800,amp_livingroom,90
1396551600,1396559700,tv,90
1396558800,1396565100,dishwasher,90
1396603800,1396605600,hoover,91
1396606500,1396607400,coffee_machine,91
1396606500,1396608300,gas_oven,91
1396608300,1396610100,hoover,91
1396628100,1396629000,microwave,91
1396628100,1396629900,gas_oven,91
1396632600,1396649700,amp_livingroom,91
1396632600,1396649700,subwoofer_livingroom,91
1396632600,1396649700,tv,91
1396632600,1396656900,htpc,91
1396684800,1396686600,hair_dryer,92
1396684800,1396686600,straighteners,92
1396702800,1396712700,amp_livingroom,92
1396702800,1396719900,subwoofer_livingroom,92
1396706400,1396712700,washing_machine,92
1396714500,1396715400,gas_oven,92
1396716300,1396718100,htpc,92
1396720800,1396726200,office_pc,92
1396721700,1396726200,lcd_office,92
1396721700,1396726200,hifi_office,92
1396721700,1396723500,laptop,92
1396725300,1396733400,amp_livingroom,92
1396725300,1396733400,subwoofer_livingroom,92
1396725300,1396734300,tv,92
1396725300,1396733400,htpc,92
1396734300,1396740600,dishwasher,92
1396771200,1396773000,washing_machine,93
1396793700,1396805400,amp_livingroom,93
1396793700,1396818900,subwoofer_livingroom,93
1396793700,1396805400,tv,93
1396793700,1396805400,htpc,93
1396802700,1396803600,microwave,93
1396809900,1396818900,amp_livingroom,93
1396809900,1396818900,tv,93
1396809900,1396818900,htpc,93
1396863000,1396869300,lcd_office,94
1396863000,1396869300,hifi_office,94
1396863000,1396869300,laptop,94
1396863000,1396870200,washing_machine,94
1396866600,1396868400,hair_dryer,94
1396866600,1396868400,straighteners,94
1396878300,1396879200,hifi_office,94
1396878300,1396887300,office_pc,94
1396879200,1396890900,lcd_office,94
1396881000,1396890900,hifi_office,94
1396881000,1396890900,laptop,94
1396883700,1396890000,washing_machine,94
1396890900,1396892700,gas_oven,94
1396892700,1396893600,kitchen_radio,94
1396894500,1396896300,lcd_office,94
1396894500,1396896300,hifi_office,94
1396894500,1396896300,laptop,94
1396897200,1396898100,coffee_machine,94
1396898100,1396899000,kitchen_radio,94
1396899900,1396917000,htpc,94
1396900800,1396902600,gas_oven,94
1396902600,1396991700,amp_livingroom,94
1396902600,1396917000,subwoofer_livingroom,94
1396902600,1396917900,tv,94
1396944000,1396949400,tv,95
1396944900,1396949400,htpc,95
1396948500,1396957500,lcd_office,95
1396948500,1396957500,hifi_office,95
1396948500,1396957500,laptop,95
1396949400,1396951200,hoover,95
1396950300,1396951200,straighteners,95
1396953900,1396954800,coffee_machine,95
1396956600,1396960200,gas_oven,95
1396961100,1396974600,lcd_office,95
1396961100,1396962000,hifi_office,95
1396961100,1396974600,laptop,95
1396969200,1396974600,hifi_office,95
1396982700,1396988100,lcd_office,95
1396982700,1396988100,hifi_office,95
1396982700,1396991700,subwoofer_livingroom,95
1396982700,1396988100,laptop,95
1396982700,1396992600,tv,95
1396982700,1396991700,htpc,95
1396991700,1396998900,dishwasher,95
1396992600,1396993500,coffee_machine,95
1397037600,1397038500,subwoofer_livingroom,96
1397037600,1397038500,hair_dryer,96
1397037600,1397038500,straighteners,96
1397038500,1397046600,washing_machine,96
1397052900,1397056500,lcd_office,96
1397052900,1397056500,hifi_office,96
1397052900,1397056500,laptop,96
1397056500,1397062800,washing_machine,96
1397064600,1397079000,amp_livingroom,96
1397064600,1397079000,subwoofer_livingroom,96
1397064600,1397079000,tv,96
1397064600,1397086200,htpc,96
1397112300,1397126700,lcd_office,97
1397112300,1397120400,hifi_office,97
1397112300,1397126700,laptop,97
1397133900,1397139300,amp_livingroom,97
1397133900,1397139300,subwoofer_livingroom,97
1397133900,1397139300,tv,97
1397133900,1397139300,htpc,97
1397155500,1397164500,htpc,97
1397156400,1397164500,amp_livingroom,97
1397156400,1397164500,tv,97
1397157300,1397160000,lcd_office,97
1397157300,1397164500,subwoofer_livingroom,97
1397157300,1397160000,laptop,97
1397200500,1397207700,washing_machine,98
1397204100,1397208600,lcd_office,98
1397204100,1397208600,laptop,98
1397204100,1397205000,office_pc,98
1397205000,1397206800,hair_dryer,98
1397205000,1397206800,straighteners,98
1397209500,1397239200,lcd_office,98
1397209500,1397242800,laptop,98
1397214900,1397215800,coffee_machine,98
1397221200,1397244600,amp_livingroom,98
1397221200,1397244600,subwoofer_livingroom,98
1397221200,1397226600,tv,98
1397221200,1397226600,htpc,98
1397236500,1397237400,kitchen_radio,98
1397236500,1397239200,gas_oven,98
1397241000,1397242800,lcd_office,98
1397243700,1397246400,htpc,98
1397244600,1397245500,dishwasher,98
1397247300,1397255400,htpc,98
1397321100,1397322000,htpc,99
1397407500,1397408400,htpc,100
1397418300,1397424600,htpc,100
1397504700,1397514600,htpc,101
1397517300,1397525400,dishwasher,101
1397524500,1397527200,breadmaker,102
1397528100,1397530800,breadmaker,102
1397532600,1397545200,breadmaker,102
1397545200,1397547900,lcd_office,102
1397545200,1397546100,office_pc,102
1397547900,1397564100,laptop,102
1397551500,1397564100,lcd_office,102
1397551500,1397557800,washing_machine,102
1397555100,1397564100,hifi_office,102
1397565900,1397572200,washing_machine,102
1397569500,1397576700,lcd_office,102
1397569500,1397576700,hifi_office,102
1397569500,1397576700,laptop,102
1397569500,1397570400,office_pc,102
1397588400,1397596500,amp_livingroom,102
1397588400,1397590200,gas_oven,102
1397588400,1397597400,tv,102
1397588400,1397596500,htpc,102
1397590200,1397596500,subwoofer_livingroom,102
1397628000,1397630700,lcd_office,103
1397628000,1397630700,hifi_office,103
1397628000,1397630700,laptop,103
1397628000,1397628900,office_pc,103
1397659500,1397665800,washing_machine,103
1397660400,1397662200,amp_livingroom,103
1397660400,1397669400,subwoofer_livingroom,103
1397663100,1397665800,gas_oven,103
1397668500,1397683800,htpc,103
1397671200,1397683800,amp_livingroom,103
1397671200,1397683800,subwoofer_livingroom,103
1397671200,1397683800,tv,103
1397720700,1397728800,washing_machine,104
1397721600,1397722500,hair_dryer,104
1397721600,1397722500,straighteners,104
1397722500,1397755800,lcd_office,104
1397722500,1397755800,hifi_office,104
1397722500,1397755800,laptop,104
1397724300,1397731500,dishwasher,104
1397725200,1397726100,hoover,104
1397727900,1397729700,hoover,104
1397751300,1397768400,amp_livingroom,104
1397751300,1397768400,subwoofer_livingroom,104
1397751300,1397768400,tv,104
1397751300,1397780100,htpc,104
1397755800,1397756700,microwave,104
1397756700,1397761200,gas_oven,104
1397783700,1397790000,htpc,105
1397824200,1397831400,amp_livingroom,105
1397824200,1397831400,subwoofer_livingroom,105
1397824200,1397831400,tv,105
1397825100,1397831400,htpc,105
1397844900,1397855700,amp_livingroom,105
1397844900,1397855700,subwoofer_livingroom,105
1397844900,1397855700,tv,105
1397844900,1397864700,htpc,105
1397846700,1397848500,gas_oven,105
1397855700,1397862900,washing_machine,105
1397891700,1397900700,laptop,106
1397894400,1397895300,hair_dryer,106
1397894400,1397896200,straighteners,106
1397897100,1397903400,washing_machine,106
1397912400,1397913300,kitchen_radio,106
1397917800,1397925000,amp_livingroom,106
1397917800,1397925000,subwoofer_livingroom,106
1397917800,1397925000,tv,106
1397917800,1397924100,htpc,106
1397925900,1397932200,washing_machine,106
1397925900,1397926800,htpc,106
1397927700,1397929500,gas_oven,106
1397933100,1397934000,microwave,106
1397933100,1397941200,tv,106
1397933100,1397941200,htpc,106
1397934000,1397941200,amp_livingroom,106
1397934000,1397941200,subwoofer_livingroom,106
1397941200,1397948400,dishwasher,106
1397990700,1397991600,hair_dryer,107
1397990700,1397991600,office_fan,107
1397991600,1397993400,amp_livingroom,107
1397991600,1397993400,tv,107
1397991600,1397993400,htpc,107
1397992500,1397993400,subwoofer_livingroom,107
1397995200,1397997000,kitchen_radio,107
1398012300,1398014100,kitchen_radio,107
1398015900,1398017700,kitchen_radio,107
1398018600,1398020400,kitchen_radio,107
1398022200,1398023100,kitchen_radio,107
1398023100,1398036600,htpc,107
1398025800,1398029400,amp_livingroom,107
1398025800,1398029400,tv,107
1398026700,1398029400,subwoofer_livingroom,107
1398074400,1398076200,hair_dryer,108
1398074400,1398076200,straighteners,108
1398076200,1398082500,washing_machine,108
1398100500,1398103200,amp_livingroom,108
1398100500,1398103200,subwoofer_livingroom,108
1398101400,1398103200,microwave,108
1398105000,1398111300,lcd_office,108
1398105000,1398111300,office_pc,108
1398106800,1398111300,laptop,108
1398107700,1398111300,hifi_office,108
1398107700,1398119400,amp_livingroom,108
1398107700,1398119400,subwoofer_livingroom,108
1398107700,1398119400,tv,108
1398107700,1398119400,htpc,108
1398154500,1398159000,lcd_office,109
1398154500,1398157200,hifi_office,109
1398154500,1398159000,laptop,109
1398156300,1398157200,office_pc,109
1398165300,1398166200,microwave,109
1398165300,1398167100,gas_oven,109
1398182400,1398186000,lcd_office,109
1398182400,1398193200,laptop,109
1398187800,1398193200,lcd_office,109
1398188700,1398193200,hifi_office,109
1398191400,1398200400,amp_livingroom,109
1398191400,1398200400,subwoofer_livingroom,109
1398191400,1398200400,tv,109
1398191400,1398200400,htpc,109
1398200400,1398206700,dishwasher,109
1398237300,1398238200,gas_oven,110
1398238200,1398248100,lcd_office,110
1398238200,1398272400,hifi_office,110
1398238200,1398240000,hair_dryer,110
1398238200,1398272400,laptop,110
1398238200,1398240900,straighteners,110
1398238200,1398239100,office_pc,110
1398241800,1398248100,washing_machine,110
1398248100,1398251700,gas_oven,110
1398249000,1398251700,lcd_office,110
1398255300,1398267900,lcd_office,110
1398262500,1398268800,washing_machine,110
1398270600,1398271500,microwave,110
1398270600,1398272400,lcd_office,110
1398278700,1398295800,htpc,110
1398280500,1398286800,amp_livingroom,110
1398280500,1398286800,subwoofer_livingroom,110
1398280500,1398286800,tv,110
1398321000,1398321900,microwave,111
1398324600,1398330900,washing_machine,111
1398338100,1398339900,gas_oven,111
1398349800,1398357000,dishwasher,111
1398350700,1398353400,amp_livingroom,111
1398350700,1398353400,tv,111
1398351600,1398353400,subwoofer_livingroom,111
1398351600,1398353400,htpc,111
1398364200,1398366900,lcd_office,111
1398364200,1398366900,hifi_office,111
1398364200,1398366900,laptop,111
1398365100,1398374100,tv,111
1398365100,1398373200,htpc,111
1398366000,1398373200,amp_livingroom,111
1398366000,1398373200,subwoofer_livingroom,111
1398413700,1398414600,kitchen_radio,112
1398416400,1398423600,lcd_office,112
1398416400,1398417300,hifi_office,112
1398416400,1398423600,laptop,112
1398416400,1398417300,office_pc,112
1398417300,1398419100,hair_dryer,112
1398417300,1398419100,straighteners,112
1398433500,1398434400,microwave,112
1398433500,1398434400,gas_oven,112
1398438000,1398446100,lcd_office,112
1398438000,1398446100,hifi_office,112
1398438000,1398446100,laptop,112
1398438000,1398438900,office_pc,112
1398442500,1398444300,gas_oven,112
1398446100,1398448800,amp_livingroom,112
1398446100,1398448800,subwoofer_livingroom,112
1398446100,1398448800,tv,112
1398446100,1398448800,htpc,112
1398447900,1398449700,kitchen_radio,112
1398450600,1398461400,amp_livingroom,112
1398450600,1398461400,subwoofer_livingroom,112
1398450600,1398461400,tv,112
1398450600,1398469500,htpc,112
1398501000,1398501900,gas_oven,113
1398523500,1398529800,washing_machine,113
1398524400,1398525300,microwave,113
1398529800,1398532500,gas_oven,113
1398530700,1398531600,htpc,113
1398531600,1398537900,washing_machine,113
1398536100,1398537900,hoover,113
1398537000,1398539700,lcd_office,113
1398537000,1398539700,hifi_office,113
1398537000,1398553200,laptop,113
1398538800,1398546900,amp_livingroom,113
1398538800,1398546000,subwoofer_livingroom,113
1398538800,1398546900,tv,113
1398538800,1398546900,htpc,113
1398541500,1398542400,microwave,113
1398546900,1398553200,lcd_office,113
1398588300,1398590100,microwave,114
1398589200,1398591000,kitchen_phone&stereo,114
1398591900,1398593700,lcd_office,114
1398591900,1398593700,laptop,114
1398591900,1398598200,dishwasher,114
1398618900,1398619800,hoover,114
1398627900,1398635100,amp_livingroom,114
1398627900,1398635100,subwoofer_livingroom,114
1398627900,1398636000,tv,114
1398627900,1398635100,htpc,114
1398666600,1398667500,microwave,115
1398666600,1398667500,kitchen_radio,115
1398670200,1398672000,microwave,115
1398680100,1398681000,hair_dryer,115
1398680100,1398681000,straighteners,115
1398681900,1398682800,kitchen_radio,115
1398685500,1398686400,kitchen_radio,115
1398688200,1398689100,kitchen_radio,115
1398693600,1398695400,kitchen_radio,115
1398699000,1398699900,kitchen_radio,115
1398710700,1398712500,gas_oven,115
1398711600,1398721500,amp_livingroom,115
1398711600,1398721500,subwoofer_livingroom,115
1398711600,1398721500,tv,115
1398712500,1398721500,htpc,115
1398733200,1398737700,htpc,116
1398745800,1398746700,coffee_machine,116
1398750300,1398751200,microwave,116
1398752100,1398752100,lcd_office,116
1398752100,1398752100,laptop,116
1398755700,1398755700,hifi_office,116
1398762000,1398762900,microwave,116
1398763800,1398764700,kitchen_phone&stereo,116
1398764700,1398764700,washing_machine,116
